City_ID,City,Lat,Lng,Max Temp,Humidity,Cloudiness,Wind Speed,Country,Date,Description
0,Georgetown,5.4112,100.3354,85.93,81,20,1.01,MY,2022-01-30 02:53:26,haze
1,Puerto Ayora,-0.7393,-90.3518,73.42,85,74,5.93,EC,2022-01-30 02:56:54,broken clouds
2,Bethel,41.3712,-73.414,15.57,55,100,5.01,US,2022-01-30 03:02:18,overcast clouds
3,Iqaluit,63.7506,-68.5145,-13.27,62,40,8.99,CA,2022-01-30 03:00:15,scattered clouds
4,Butaritari,3.0707,172.7902,82.49,72,52,17.83,KI,2022-01-30 03:05:51,broken clouds
5,Saint-Augustin,51.226,-58.6502,10.45,94,100,28.41,CA,2022-01-30 03:04:07,heavy snow
6,Marsh Harbour,26.5412,-77.0636,59.86,59,57,23.0,BS,2022-01-30 03:00:03,broken clouds
7,Tiarei,-17.5333,-149.3333,80.62,74,70,7.52,PF,2022-01-30 03:04:08,broken clouds
8,Tukrah,32.5341,20.5791,52.56,73,100,31.25,LY,2022-01-30 02:59:41,overcast clouds
9,Kenora,49.8167,-94.4337,10.38,100,69,4.25,CA,2022-01-30 03:03:20,broken clouds
10,Kodiak,57.79,-152.4072,24.66,79,9,9.55,US,2022-01-30 02:54:00,clear sky
11,Victoria,22.2855,114.1577,62.04,70,59,1.01,HK,2022-01-30 03:03:58,broken clouds
12,Tocopilla,-22.092,-70.1979,66.61,78,23,1.19,CL,2022-01-30 03:04:10,few clouds
13,Rikitea,-23.1203,-134.9692,76.87,69,100,7.52,PF,2022-01-30 03:04:10,overcast clouds
14,Brae,60.3964,-1.353,39.11,62,66,23.89,GB,2022-01-30 03:04:11,broken clouds
15,Charters Towers,-20.1,146.2667,88.05,40,6,7.52,AU,2022-01-30 03:04:11,clear sky
16,Berlevag,70.8578,29.0864,21.79,79,84,4.43,NO,2022-01-30 03:04:12,broken clouds
17,Kapaa,22.0752,-159.319,79.12,69,0,1.01,US,2022-01-30 03:04:12,clear sky
18,Bandarbeyla,9.4942,50.8122,75.36,71,100,20.24,SO,2022-01-30 03:01:00,overcast clouds
19,Namatanai,-3.6667,152.4333,83.08,76,100,5.35,PG,2022-01-30 03:04:13,light rain
20,Bluff,-46.6,168.3333,59.99,86,100,4.85,NZ,2022-01-30 03:04:14,overcast clouds
21,Klaksvik,62.2266,-6.589,31.12,61,100,10.58,FO,2022-01-30 03:01:03,overcast clouds
22,Qandala,11.472,49.8728,71.8,69,88,4.83,SO,2022-01-30 03:04:15,overcast clouds
23,Aklavik,68.2191,-135.0107,-19.48,87,100,5.77,CA,2022-01-30 03:04:15,overcast clouds
24,Avarua,-21.2078,-159.775,82.45,74,20,6.91,CK,2022-01-30 03:00:59,few clouds
25,Babu,24.4167,111.5167,47.12,68,43,5.28,CN,2022-01-30 03:04:15,scattered clouds
26,Tuatapere,-46.1333,167.6833,67.73,64,100,2.26,NZ,2022-01-30 02:58:08,overcast clouds
27,Vanavara,60.34,102.2797,-0.87,95,100,4.27,RU,2022-01-30 03:04:16,overcast clouds
28,Mana,5.6592,-53.7767,75.33,87,9,7.16,GF,2022-01-30 02:59:26,clear sky
29,Nishihara,26.1842,127.7558,68.05,80,75,13.8,JP,2022-01-30 03:04:17,broken clouds
30,Hasaki,35.7333,140.8333,48.29,50,74,14.7,JP,2022-01-30 02:56:56,broken clouds
31,Kavieng,-2.5744,150.7967,82.04,77,100,4.65,PG,2022-01-30 03:04:17,moderate rain
32,Coihaique,-45.5752,-72.0662,45.39,93,78,7.85,CL,2022-01-30 03:01:38,broken clouds
33,Saint Anthony,45.0205,-93.218,22.6,75,0,5.01,US,2022-01-30 03:01:10,clear sky
34,Bilibino,68.0546,166.4372,-0.26,88,100,2.98,RU,2022-01-30 03:02:11,overcast clouds
35,Hobart,-42.8794,147.3294,81.01,51,20,1.01,AU,2022-01-30 03:02:30,few clouds
36,Cabo San Lucas,22.8909,-109.9124,72.52,69,4,4.0,MX,2022-01-30 02:58:13,clear sky
37,Chadiza,-14.0678,32.4392,64.85,98,100,1.28,ZM,2022-01-30 03:04:18,light rain
38,Leningradskiy,69.3833,178.4167,-10.55,91,68,4.18,RU,2022-01-30 03:06:06,broken clouds
39,Provideniya,64.3833,-173.3,4.08,84,20,5.44,RU,2022-01-30 03:04:19,few clouds
40,Kupang,-10.1667,123.5833,84.78,79,75,11.5,ID,2022-01-30 03:04:19,light rain
41,Cabimas,10.3883,-71.4399,78.04,80,75,16.4,VE,2022-01-30 03:04:19,broken clouds
42,Punta Arenas,-53.15,-70.9167,48.11,66,0,10.36,CL,2022-01-30 03:04:20,clear sky
43,Mataura,-46.1927,168.8643,58.23,95,100,2.55,NZ,2022-01-30 03:04:20,overcast clouds
44,Codrington,-38.2667,141.9667,74.86,67,95,10.92,AU,2022-01-30 03:05:22,overcast clouds
45,Paamiut,61.994,-49.6678,13.42,65,100,11.54,GL,2022-01-30 03:07:11,overcast clouds
46,Baykit,61.67,96.37,-10.98,100,100,1.45,RU,2022-01-30 03:05:23,overcast clouds
47,Padang,-0.9492,100.3543,84.25,87,97,2.3,ID,2022-01-30 03:07:11,overcast clouds
48,Tasiilaq,65.6145,-37.6368,12.36,66,100,12.41,GL,2022-01-30 03:03:12,overcast clouds
49,Ushuaia,-54.8,-68.3,41.45,95,100,1.74,AR,2022-01-30 03:01:25,light rain
50,Portovelo,-3.7167,-79.6167,69.21,97,100,1.01,EC,2022-01-30 03:05:24,light rain
51,Bredasdorp,-34.5322,20.0403,65.28,89,4,4.88,ZA,2022-01-30 03:05:25,clear sky
52,Hailun,47.45,126.9333,6.04,83,26,7.14,CN,2022-01-30 03:05:20,scattered clouds
53,Lagoa,39.05,-27.9833,58.14,70,7,15.88,PT,2022-01-30 02:58:07,clear sky
54,Saskylakh,71.9167,114.0833,-19.97,100,99,3.78,RU,2022-01-30 03:00:56,overcast clouds
55,Dikson,73.5069,80.5464,7.77,94,100,17.69,RU,2022-01-30 03:05:26,light snow
56,Kahului,20.8947,-156.47,80.62,57,0,12.66,US,2022-01-30 03:05:27,clear sky
57,Lom Sak,16.7798,101.2422,85.08,45,9,1.45,TH,2022-01-30 03:05:27,clear sky
58,Upernavik,72.7868,-56.1549,-6.66,100,100,5.66,GL,2022-01-30 03:05:28,overcast clouds
59,Chokurdakh,70.6333,147.9167,-18.2,88,90,1.66,RU,2022-01-30 03:05:29,overcast clouds
60,Albany,42.6001,-73.9662,6.75,57,100,15.99,US,2022-01-30 03:06:57,overcast clouds
61,Lampa,-33.2833,-70.9,66.63,80,1,2.66,CL,2022-01-30 03:01:18,clear sky
62,Praya,14.9215,-23.5087,68.54,68,40,12.66,CV,2022-01-30 03:05:30,scattered clouds
63,Ardmore,34.1743,-97.1436,54.25,23,0,4.0,US,2022-01-30 03:05:30,clear sky
64,Canutama,-6.5339,-64.3831,71.94,99,100,2.73,BR,2022-01-30 03:05:31,overcast clouds
65,Jamestown,42.097,-79.2353,6.71,85,0,3.44,US,2022-01-30 03:05:31,clear sky
66,Zyryanka,65.75,150.85,-19.07,100,98,1.41,RU,2022-01-30 03:05:32,overcast clouds
67,Flinders,-34.5833,150.8552,85.21,74,98,8.55,AU,2022-01-30 03:05:34,overcast clouds
68,New Norfolk,-42.7826,147.0587,81.66,32,0,1.99,AU,2022-01-30 03:07:15,clear sky
69,Tombouctou,20.0,-3.0,68.14,14,73,11.43,ML,2022-01-30 03:05:34,broken clouds
70,Karatuzskoye,53.6072,92.8667,-8.43,92,62,2.26,RU,2022-01-30 03:05:35,broken clouds
71,Meulaboh,4.1363,96.1285,82.15,75,20,2.42,ID,2022-01-30 03:05:35,few clouds
72,Khandbari,27.3747,87.2039,52.92,66,56,1.48,NP,2022-01-30 03:07:16,broken clouds
73,Sawakin,19.1059,37.3321,69.15,66,100,10.54,SD,2022-01-30 03:05:36,overcast clouds
74,Hilo,19.7297,-155.09,74.93,69,40,9.22,US,2022-01-30 03:03:35,scattered clouds
75,Faanui,-16.4833,-151.75,80.76,71,99,6.62,PF,2022-01-30 02:59:39,overcast clouds
76,North Bend,43.4065,-124.2243,48.94,100,20,0.0,US,2022-01-30 03:05:37,few clouds
77,Ascension,30.2169,-90.9001,44.82,58,0,4.61,US,2022-01-30 03:05:37,clear sky
78,Shimoda,34.6667,138.95,44.1,56,95,10.13,JP,2022-01-30 03:05:38,overcast clouds
79,Port Alfred,-33.5906,26.891,68.11,87,13,8.03,ZA,2022-01-30 03:05:39,few clouds
80,Gazanjyk,39.2446,55.5154,36.27,79,0,6.8,TM,2022-01-30 03:02:25,clear sky
81,Cape Town,-33.9258,18.4232,67.1,73,0,4.0,ZA,2022-01-30 03:01:25,clear sky
82,Sur,22.5667,59.5289,70.03,50,2,3.24,OM,2022-01-30 03:00:55,clear sky
83,Khatanga,71.9667,102.5,-10.8,97,90,7.81,RU,2022-01-30 03:07:19,overcast clouds
84,Bulgan,48.8125,103.5347,-0.89,85,26,2.62,MN,2022-01-30 03:05:41,scattered clouds
85,Marawi,7.9986,124.2928,74.64,65,82,4.0,PH,2022-01-30 03:05:41,broken clouds
86,Riacho De Santana,-13.6092,-42.9389,67.35,93,100,2.21,BR,2022-01-30 03:05:42,overcast clouds
87,Buritis,-15.6178,-46.4233,69.17,90,97,3.67,BR,2022-01-30 03:05:42,overcast clouds
88,Hermanus,-34.4187,19.2345,65.8,88,1,10.98,ZA,2022-01-30 03:05:43,clear sky
89,Sao Filipe,14.8961,-24.4956,70.63,73,77,12.48,CV,2022-01-30 03:05:45,broken clouds
90,Kungurtug,50.5994,97.5228,-12.37,91,38,0.92,RU,2022-01-30 03:05:45,scattered clouds
91,Geraldton,-28.7667,114.6,86.41,54,0,16.11,AU,2022-01-30 03:07:20,clear sky
92,Seoul,37.5683,126.9778,34.21,25,22,4.56,KR,2022-01-30 03:06:12,few clouds
93,Kruisfontein,-34.0033,24.7314,56.88,90,1,4.21,ZA,2022-01-30 03:08:21,clear sky
94,Kasongo-Lunda,-6.4667,16.8167,71.22,87,100,0.65,CD,2022-01-30 03:08:21,overcast clouds
95,Morant Bay,17.8815,-76.4093,78.42,80,4,4.47,JM,2022-01-30 03:08:22,clear sky
96,Ritchie,-29.038,24.6028,71.56,61,57,11.48,ZA,2022-01-30 03:08:22,broken clouds
97,Poli,-3.3333,36.8,60.06,92,100,0.87,TZ,2022-01-30 03:08:23,light rain
98,Mahebourg,-20.4081,57.7,81.25,71,98,14.0,MU,2022-01-30 03:08:23,overcast clouds
99,Honningsvag,70.9821,25.9704,28.83,69,72,4.88,NO,2022-01-30 03:08:24,light snow
100,Portland,45.5234,-122.6762,44.71,69,0,5.01,US,2022-01-30 03:04:59,clear sky
101,Tambacounda,13.7539,-13.7586,79.54,17,61,5.61,SN,2022-01-30 03:08:25,broken clouds
102,Port Augusta,-32.5,137.7667,97.7,29,22,11.32,AU,2022-01-30 03:08:25,few clouds
103,Thompson,55.7435,-97.8558,-8.37,96,80,0.6,CA,2022-01-30 03:05:43,broken clouds
104,Vaini,-21.2,-175.2,81.99,75,99,11.01,TO,2022-01-30 03:05:35,light rain
105,Ballina,-28.8667,153.5667,86.18,76,53,10.87,AU,2022-01-30 03:08:26,broken clouds
106,Port Hardy,50.6996,-127.4199,47.75,95,100,20.45,CA,2022-01-30 03:08:26,light rain
107,Balsas,-7.5325,-46.0356,68.36,88,68,4.16,BR,2022-01-30 03:08:27,broken clouds
108,Yichun,47.7,128.9,5.23,76,83,6.73,CN,2022-01-30 03:08:27,broken clouds
109,Boguchany,58.3814,97.4531,3.81,96,100,2.13,RU,2022-01-30 03:08:27,overcast clouds
110,Barreirinhas,-2.7469,-42.8264,74.8,91,100,3.27,BR,2022-01-30 03:08:28,light rain
111,Kota Kinabalu,5.9749,116.0724,85.98,79,20,4.61,MY,2022-01-30 03:08:28,few clouds
112,Barrow,71.2906,-156.7887,-9.38,70,75,8.05,US,2022-01-30 03:08:29,broken clouds
113,Narsaq,60.9167,-46.05,14.22,91,100,10.18,GL,2022-01-30 03:08:29,light snow
114,Matagami,49.7502,-77.6328,-9.29,84,0,2.3,CA,2022-01-30 03:08:29,clear sky
115,Nikolskoye,59.7035,30.7861,27.72,93,100,15.68,RU,2022-01-30 03:08:30,snow
116,Acapulco,16.8634,-99.8901,78.12,76,0,7.4,MX,2022-01-30 03:00:27,clear sky
117,Alenquer,-1.9417,-54.7383,72.48,96,100,4.59,BR,2022-01-30 03:02:26,light rain
118,Vavuniya,8.7514,80.4971,79.21,78,21,3.69,LK,2022-01-30 03:08:31,few clouds
119,Sindor,62.8629,51.8905,12.79,95,100,6.55,RU,2022-01-30 03:08:31,overcast clouds
120,Arraial Do Cabo,-22.9661,-42.0278,74.17,95,100,11.52,BR,2022-01-30 03:08:32,overcast clouds
121,Salalah,17.0151,54.0924,67.68,59,88,2.55,OM,2022-01-30 03:02:22,overcast clouds
122,Paciran,-6.8767,112.3761,84.43,71,98,4.72,ID,2022-01-30 03:08:32,overcast clouds
123,Mezen,65.8522,44.24,11.32,94,100,10.16,RU,2022-01-30 03:08:33,overcast clouds
124,San Patricio,28.017,-97.5169,57.04,51,11,8.55,US,2022-01-30 03:08:33,few clouds
125,Asau,46.4333,26.4,34.75,70,100,11.77,RO,2022-01-30 03:08:34,light snow
126,Omboue,-1.5746,9.2618,77.68,90,100,5.3,GA,2022-01-30 03:08:34,overcast clouds
127,Dingle,10.9995,122.6711,85.87,66,6,2.04,PH,2022-01-30 03:05:41,clear sky
128,Luwuk,-0.9516,122.7875,86.81,63,100,3.11,ID,2022-01-30 03:08:35,overcast clouds
129,Beloha,-25.1667,45.05,71.1,90,65,8.95,MG,2022-01-30 03:08:35,broken clouds
130,Longyearbyen,78.2186,15.6401,6.64,72,0,12.66,SJ,2022-01-30 03:08:36,clear sky
131,Bodden Town,19.2833,-81.25,75.2,65,40,10.0,KY,2022-01-30 03:08:37,scattered clouds
132,Biak,-0.9131,122.8766,83.28,66,100,2.19,ID,2022-01-30 03:08:37,overcast clouds
133,Port Keats,-14.25,129.55,83.93,79,99,18.03,AU,2022-01-30 03:08:37,overcast clouds
134,Alice Springs,-23.7,133.8833,81.95,74,75,18.41,AU,2022-01-30 03:08:38,broken clouds
135,Coquimbo,-29.9533,-71.3436,62.33,82,0,2.3,CL,2022-01-30 03:08:39,clear sky
136,Vardo,70.3705,31.1107,23.0,77,87,3.13,NO,2022-01-30 03:08:39,overcast clouds
137,Hithadhoo,-0.6,73.0833,80.94,68,51,3.13,MV,2022-01-30 03:08:40,broken clouds
138,Stepnogorsk,52.3544,71.8869,4.39,97,44,7.7,KZ,2022-01-30 03:08:40,scattered clouds
139,Sobolevo,54.4299,31.8996,23.72,95,100,19.8,RU,2022-01-30 03:09:41,snow
140,Buala,-8.145,159.5921,86.13,69,99,7.81,SB,2022-01-30 03:01:05,light rain
141,Sabha,27.0377,14.4283,42.98,26,0,8.34,LY,2022-01-30 03:09:41,clear sky
142,Mar Del Plata,-38.0023,-57.5575,70.88,80,34,20.0,AR,2022-01-30 03:05:01,scattered clouds
143,Sokoni,-6.4333,39.55,79.61,76,100,9.48,TZ,2022-01-30 03:09:42,overcast clouds
144,Walvis Bay,-22.9575,14.5053,62.1,86,46,4.12,NA,2022-01-30 03:02:18,scattered clouds
145,Fairbanks,64.8378,-147.7164,-11.24,70,0,0.0,US,2022-01-30 03:05:46,clear sky
146,Jingdezhen,29.2947,117.2079,39.76,82,99,2.48,CN,2022-01-30 03:09:44,overcast clouds
147,Toamasina,-18.1667,49.3833,74.48,88,15,6.11,MG,2022-01-30 03:09:44,few clouds
148,Atuona,-9.8,-139.0333,77.99,77,27,14.09,PF,2022-01-30 03:09:45,light rain
149,Fort Nelson,58.8053,-122.7002,4.59,78,100,8.05,CA,2022-01-30 03:09:46,light snow
150,Busselton,-33.65,115.3333,84.09,49,5,12.73,AU,2022-01-30 03:09:46,clear sky
151,Zaraza,9.3503,-65.3245,74.93,77,8,10.63,VE,2022-01-30 03:09:47,clear sky
152,Castro,-24.7911,-50.0119,60.03,99,99,5.57,BR,2022-01-30 03:09:47,overcast clouds
153,Ancud,-41.8697,-73.8203,54.93,88,100,8.81,CL,2022-01-30 03:09:48,light rain
154,Omsukchan,62.5333,155.8,-1.28,97,100,7.11,RU,2022-01-30 03:09:50,overcast clouds
155,Chuy,-33.6971,-53.4616,64.56,80,0,7.02,UY,2022-01-30 03:09:50,clear sky
156,Ville-Marie,47.3335,-79.433,-8.0,100,68,2.15,CA,2022-01-30 03:09:51,broken clouds
157,Qaanaaq,77.484,-69.3632,-5.37,95,100,4.5,GL,2022-01-30 03:09:51,overcast clouds
158,Netivot,31.4222,34.5886,44.62,71,0,4.32,IL,2022-01-30 03:09:52,clear sky
159,Mecca,21.4267,39.8261,65.21,60,75,5.17,SA,2022-01-30 03:07:14,broken clouds
160,Vite,17.2833,74.55,69.12,29,100,1.5,IN,2022-01-30 03:09:54,overcast clouds
161,East London,-33.0153,27.9116,68.47,85,11,5.57,ZA,2022-01-30 03:07:19,few clouds
162,Winnemucca,40.973,-117.7357,29.1,63,0,4.61,US,2022-01-30 03:09:55,clear sky
163,Tiksi,71.6872,128.8694,-9.65,97,51,3.67,RU,2022-01-30 03:09:55,broken clouds
164,Necochea,-38.5473,-58.7368,74.03,64,19,19.33,AR,2022-01-30 03:09:56,few clouds
165,Calabozo,8.9242,-67.4293,78.75,41,17,9.64,VE,2022-01-30 03:09:57,few clouds
166,Cherskiy,68.75,161.3,-26.52,100,97,2.91,RU,2022-01-30 03:09:57,overcast clouds
167,Kazan,55.7887,49.1221,12.81,97,93,6.82,RU,2022-01-30 03:09:58,snow
168,Hamilton,39.1834,-84.5333,21.99,71,73,1.99,US,2022-01-30 03:00:00,broken clouds
169,The Pas,53.8251,-101.2541,-9.74,100,85,4.16,CA,2022-01-30 03:09:59,overcast clouds
170,Esperance,-33.8667,121.9,82.62,45,8,9.31,AU,2022-01-30 03:09:59,clear sky
171,Koroni,36.8,21.95,51.51,67,70,11.36,GR,2022-01-30 03:09:59,broken clouds
172,Yellowknife,62.456,-114.3525,-14.58,86,81,5.01,CA,2022-01-30 03:09:33,broken clouds
173,Mount Gambier,-37.8333,140.7667,78.42,52,52,8.37,AU,2022-01-30 03:10:00,broken clouds
174,Svetlogorsk,52.6333,29.7333,28.11,96,100,18.57,BY,2022-01-30 03:10:01,snow
175,Saint-Pierre,-21.3393,55.4781,78.48,69,19,13.8,RE,2022-01-30 03:10:01,few clouds
176,Sayat,38.7839,63.8803,37.78,63,100,8.7,TM,2022-01-30 03:10:01,overcast clouds
177,Tres Arroyos,-38.3739,-60.2798,73.4,57,75,18.19,AR,2022-01-30 03:10:02,broken clouds
178,Karratha,-20.7377,116.8463,96.17,36,64,11.77,AU,2022-01-30 03:10:02,broken clouds
179,Sfantu Gheorghe,45.8667,25.7833,19.81,94,100,3.89,RO,2022-01-30 03:10:03,light snow
180,Honiara,-9.4333,159.95,86.22,67,100,6.02,SB,2022-01-30 03:10:03,overcast clouds
181,Torbay,47.6666,-52.7314,44.28,96,100,29.93,CA,2022-01-30 03:11:04,heavy intensity rain
182,Mehamn,71.0357,27.8492,17.98,85,79,4.94,NO,2022-01-30 03:02:09,light snow
183,Sarany,58.5,58.8833,0.79,99,100,2.39,RU,2022-01-30 03:11:05,overcast clouds
184,Port Elizabeth,-33.918,25.5701,59.09,91,0,4.9,ZA,2022-01-30 03:09:52,clear sky
185,Bengkulu,-3.8004,102.2655,82.96,72,100,4.07,ID,2022-01-30 03:11:06,moderate rain
186,College,64.8569,-147.8028,-11.25,70,20,0.0,US,2022-01-30 03:11:06,few clouds
187,Margate,51.3813,1.3862,41.88,78,33,5.01,GB,2022-01-30 03:11:06,scattered clouds
188,Celestun,20.8667,-90.4,66.85,64,99,13.29,MX,2022-01-30 03:11:07,overcast clouds
189,Northam,51.0333,-4.2167,40.71,84,63,5.21,GB,2022-01-30 03:11:07,broken clouds
190,Ribeira Grande,38.5167,-28.7,59.2,74,88,12.37,PT,2022-01-30 03:11:08,overcast clouds
191,Burnie,-41.0667,145.9167,73.94,60,12,7.9,AU,2022-01-30 03:11:08,few clouds
192,Camacha,33.0833,-16.3333,59.76,88,40,3.44,PT,2022-01-30 03:11:09,scattered clouds
193,Vila Velha,-20.3297,-40.2925,78.75,89,0,3.44,BR,2022-01-30 03:10:13,clear sky
194,Qaqortoq,60.7167,-46.0333,14.5,90,100,14.65,GL,2022-01-30 03:11:10,light snow
195,Alugan,12.2188,125.4808,83.12,73,10,6.91,PH,2022-01-30 03:11:10,clear sky
196,Xiuyan,40.2928,123.2744,28.04,26,0,4.99,CN,2022-01-30 03:11:11,clear sky
197,Sibolga,1.7427,98.7792,82.4,73,76,2.01,ID,2022-01-30 03:11:11,broken clouds
198,Nantucket,41.2835,-70.0995,21.31,79,100,20.71,US,2022-01-30 03:11:11,overcast clouds
199,Sao Pedro Do Sul,-29.6206,-54.1789,66.36,65,0,9.28,BR,2022-01-30 03:11:12,clear sky
200,Klos,41.5072,20.0851,23.95,71,13,5.97,AL,2022-01-30 03:11:12,few clouds
201,Utena,55.5,25.6,34.77,98,100,21.09,LT,2022-01-30 03:11:13,overcast clouds
202,Nakhon Phanom,17.3333,104.4167,86.88,48,18,10.51,TH,2022-01-30 03:11:13,few clouds
203,Mus,39.0,41.75,3.69,98,100,4.03,TR,2022-01-30 03:11:13,overcast clouds
204,Tuktoyaktuk,69.4541,-133.0374,-6.07,96,100,16.24,CA,2022-01-30 03:11:02,overcast clouds
205,Airai,-8.9266,125.4092,65.19,82,100,4.36,TL,2022-01-30 03:11:14,overcast clouds
206,Muros,42.7762,-9.0603,51.24,61,14,5.28,ES,2022-01-30 03:10:34,few clouds
207,Darhan,49.4867,105.9228,-7.85,95,63,2.01,MN,2022-01-30 03:11:15,broken clouds
208,Narathiwat,6.3333,101.75,84.69,59,9,2.93,TH,2022-01-30 03:11:16,clear sky
209,Banjar,-8.19,114.9675,84.06,73,100,2.46,ID,2022-01-30 03:11:16,overcast clouds
210,Myrtle Beach,33.6891,-78.8867,29.08,65,0,4.61,US,2022-01-30 03:11:16,clear sky
211,Yeppoon,-23.1333,150.7333,87.58,70,43,15.66,AU,2022-01-30 03:11:17,scattered clouds
212,Sumbe,-11.2061,13.8437,77.07,88,100,5.08,AO,2022-01-30 03:11:17,overcast clouds
213,Nouadhibou,20.931,-17.0347,62.85,80,100,20.33,MR,2022-01-30 03:11:17,overcast clouds
214,Komsomolskiy,40.4272,71.7189,32.72,93,40,2.3,UZ,2022-01-30 03:11:18,fog
215,Bathsheba,13.2167,-59.5167,76.26,73,14,15.86,BB,2022-01-30 03:11:18,few clouds
216,Huilong,31.8111,121.655,43.03,55,74,13.89,CN,2022-01-30 03:11:19,broken clouds
217,Aswan,24.0934,32.907,47.62,54,0,9.33,EG,2022-01-30 03:11:19,clear sky
218,Yar-Sale,66.8333,70.8333,-8.43,98,93,8.72,RU,2022-01-30 03:10:53,overcast clouds
219,Verkhnevilyuysk,63.4453,120.3167,-15.36,98,87,5.23,RU,2022-01-30 03:11:20,overcast clouds
220,Porbandar,21.6422,69.6093,66.0,45,0,6.29,IN,2022-01-30 03:11:20,clear sky
221,Pangnirtung,66.1451,-65.7125,-20.22,99,100,4.27,CA,2022-01-30 03:11:20,overcast clouds
222,Colac,-38.3333,143.5833,76.15,77,97,7.45,AU,2022-01-30 03:08:15,overcast clouds
223,Nome,64.5011,-165.4064,-2.13,55,0,3.44,US,2022-01-30 03:11:21,clear sky
224,Polunochnoye,60.8697,60.4153,-2.51,100,100,2.08,RU,2022-01-30 03:11:21,overcast clouds
225,Marshfield,44.6689,-90.1718,19.13,67,100,5.75,US,2022-01-30 03:11:22,overcast clouds
226,Richards Bay,-28.783,32.0377,68.7,88,3,2.19,ZA,2022-01-30 03:11:22,clear sky
227,Port Hueneme,34.1478,-119.1951,64.78,28,0,0.0,US,2022-01-30 03:12:22,clear sky
228,Deputatskiy,69.3,139.9,-19.97,98,95,2.1,RU,2022-01-30 03:12:23,overcast clouds
229,Sinnamary,5.3833,-52.95,75.69,87,21,7.25,GF,2022-01-30 03:12:23,few clouds
230,Pisco,-13.7,-76.2167,69.85,83,20,9.22,PE,2022-01-30 03:12:24,few clouds
231,Half Moon Bay,37.4636,-122.4286,56.88,73,0,3.0,US,2022-01-30 03:12:24,clear sky
232,Santa Barbara,34.7333,-120.0343,52.36,57,0,0.0,US,2022-01-30 03:12:24,clear sky
233,Boden,65.8252,21.6886,17.6,83,100,12.33,SE,2022-01-30 03:12:26,overcast clouds
234,Beira,-19.8436,34.8389,77.76,77,42,4.7,MZ,2022-01-30 03:12:27,scattered clouds
235,Kingsland,30.8,-81.6898,39.22,80,0,4.16,US,2022-01-30 03:12:27,clear sky
236,Williston,48.147,-103.618,25.21,97,22,2.17,US,2022-01-30 03:12:27,few clouds
237,Mokhsogollokh,61.4681,128.9203,-13.56,95,90,2.57,RU,2022-01-30 03:12:29,overcast clouds
238,Bambous Virieux,-20.3428,57.7575,82.22,71,99,14.0,MU,2022-01-30 03:12:29,overcast clouds
239,Avera,33.194,-82.5271,35.47,35,0,8.23,US,2022-01-30 03:12:30,clear sky
240,Lorengau,-2.0226,147.2712,83.55,73,39,8.08,PG,2022-01-30 03:12:30,scattered clouds
241,Faya,18.3851,42.4509,50.52,85,7,3.87,SA,2022-01-30 03:12:31,clear sky
242,Maningrida,-12.0667,134.2667,81.23,82,100,17.4,AU,2022-01-30 03:12:31,light rain
243,Ponta Do Sol,32.6667,-17.1,63.23,46,7,5.37,PT,2022-01-30 03:12:32,clear sky
244,Torquay,50.4638,-3.5143,40.57,75,32,8.01,GB,2022-01-30 03:12:32,scattered clouds
245,Ostrovnoy,68.0531,39.5131,17.35,92,100,10.11,RU,2022-01-30 03:12:32,light snow
246,Severo-Kurilsk,50.6789,156.125,24.94,86,100,14.0,RU,2022-01-30 03:12:32,light snow
247,Fortuna,40.5982,-124.1573,49.66,89,0,0.0,US,2022-01-30 03:12:33,clear sky
248,Sitka,57.0531,-135.33,35.49,87,100,10.36,US,2022-01-30 03:10:41,light snow
249,Huarmey,-10.0681,-78.1522,70.63,84,56,8.68,PE,2022-01-30 03:12:33,broken clouds
250,Kedrovyy,56.1667,91.8167,-14.39,94,68,3.24,RU,2022-01-30 03:12:34,broken clouds
251,Ilulissat,69.2167,-51.1,10.42,61,40,25.32,GL,2022-01-30 03:12:34,light shower snow
252,Saint-Philippe,-21.3585,55.7679,78.39,80,84,8.43,RE,2022-01-30 03:12:35,broken clouds
253,Monteiro,-7.8894,-37.12,67.21,90,100,4.34,BR,2022-01-30 03:12:35,overcast clouds
254,Mount Isa,-20.7333,139.5,83.97,70,100,16.11,AU,2022-01-30 03:12:35,overcast clouds
255,Nabire,-3.3667,135.4833,86.11,62,100,4.56,ID,2022-01-30 03:12:36,overcast clouds
256,Villa Maria,-32.4075,-63.2402,63.82,82,0,8.23,AR,2022-01-30 03:12:36,clear sky
257,Kibaha,-6.7667,38.9167,71.33,99,100,2.46,TZ,2022-01-30 03:12:37,light rain
258,Koslan,63.4564,48.8989,11.79,97,97,4.9,RU,2022-01-30 03:12:38,overcast clouds
259,Kavaratti,10.5669,72.642,81.16,70,97,8.72,IN,2022-01-30 03:12:38,overcast clouds
260,Harlingen,26.1906,-97.6961,57.2,66,0,4.61,US,2022-01-30 03:10:29,clear sky
261,Dunedin,-45.8742,170.5036,57.56,94,100,3.18,NZ,2022-01-30 03:12:39,overcast clouds
262,Macamic,48.7502,-78.9996,-10.25,100,84,2.89,CA,2022-01-30 03:12:39,broken clouds
263,Amapa,1.0,-52.0,70.29,99,99,1.97,BR,2022-01-30 03:12:40,overcast clouds
264,Donegal,54.65,-8.1167,40.6,80,90,3.76,IE,2022-01-30 03:12:40,overcast clouds
265,Kondagaon,19.6,81.6667,62.08,29,5,2.17,IN,2022-01-30 03:12:41,clear sky
266,Virginia Beach,36.8529,-75.978,26.65,48,0,5.01,US,2022-01-30 03:10:19,clear sky
267,Mackay,-21.15,149.2,89.69,71,34,13.78,AU,2022-01-30 03:12:42,scattered clouds
268,Cabrobo,-8.5142,-39.31,72.05,83,100,1.21,BR,2022-01-30 03:12:42,overcast clouds
269,Pevek,69.7008,170.3133,-15.45,98,100,4.34,RU,2022-01-30 03:13:43,overcast clouds
270,Mareeba,-17.0,145.4333,87.31,58,100,2.66,AU,2022-01-30 03:13:43,overcast clouds
271,Birao,10.2849,22.7882,62.37,17,46,9.17,CF,2022-01-30 03:12:00,scattered clouds
272,Talas,38.6908,35.5538,3.87,85,75,0.0,TR,2022-01-30 03:13:44,broken clouds
273,Nayoro,44.3506,142.4578,17.24,70,99,10.96,JP,2022-01-30 03:13:44,light snow
274,Mahajanga,-15.7167,46.3167,77.02,94,40,4.61,MG,2022-01-30 03:13:46,scattered clouds
275,Dolores,-36.3132,-57.6792,63.23,87,52,8.16,AR,2022-01-30 03:10:07,broken clouds
276,Olinda,-8.0089,-34.8553,78.53,83,75,2.3,BR,2022-01-30 03:13:47,broken clouds
277,Tokur,53.1333,132.9,-7.33,89,98,2.08,RU,2022-01-30 03:13:47,overcast clouds
278,Kudahuvadhoo,2.6708,72.8944,81.19,74,99,10.07,MV,2022-01-30 03:13:48,overcast clouds
279,Pedernales,18.0384,-71.744,75.92,78,4,2.21,DO,2022-01-30 03:13:48,clear sky
280,Yulara,-25.2406,130.9889,85.84,58,40,17.27,AU,2022-01-30 03:13:49,scattered clouds
281,Maragogi,-9.0122,-35.2225,75.43,84,93,4.32,BR,2022-01-30 03:13:31,overcast clouds
282,Samarai,-10.6167,150.6667,82.49,69,100,5.93,PG,2022-01-30 03:13:50,overcast clouds
283,Makokou,0.5738,12.8642,70.14,91,100,2.57,GA,2022-01-30 03:13:50,overcast clouds
284,Yarim,14.298,44.3779,47.46,57,38,1.45,YE,2022-01-30 03:13:51,scattered clouds
285,Naruja,41.9069,41.9542,35.92,81,100,3.65,GE,2022-01-30 03:13:51,overcast clouds
286,Aksarka,66.5606,67.7975,-18.29,100,98,6.4,RU,2022-01-30 03:13:52,overcast clouds
287,Alta Floresta,-9.8756,-56.0861,69.24,99,100,2.86,BR,2022-01-30 03:13:52,heavy intensity rain
288,Tucuman,-26.8241,-65.2226,73.4,78,75,5.75,AR,2022-01-30 03:13:53,broken clouds
289,Lasa,46.6166,10.7002,43.54,90,10,9.22,IT,2022-01-30 03:12:25,clear sky
290,Otse,-25.0167,25.7333,63.54,87,100,6.55,BW,2022-01-30 03:13:53,overcast clouds
291,Saldanha,-33.0117,17.9442,64.06,84,0,12.06,ZA,2022-01-30 03:10:36,clear sky
292,Malartic,48.1335,-78.1328,-12.98,100,31,1.3,CA,2022-01-30 03:13:54,scattered clouds
293,Kisaran,2.9845,99.6158,83.57,71,81,4.88,ID,2022-01-30 03:13:55,broken clouds
294,Bwanga,-3.0308,31.7601,64.71,86,100,3.8,TZ,2022-01-30 03:13:55,overcast clouds
295,Rawson,-43.3002,-65.1023,79.38,29,24,12.84,AR,2022-01-30 03:13:56,few clouds
296,Prince Rupert,54.3161,-130.3201,38.48,95,100,3.42,CA,2022-01-30 03:13:21,light rain
297,Souillac,-20.5167,57.5167,82.36,71,100,13.13,MU,2022-01-30 03:13:57,overcast clouds
298,Mangrol,21.1167,70.1167,65.34,36,0,8.59,IN,2022-01-30 03:13:58,clear sky
299,Port Lincoln,-34.7333,135.8667,73.11,67,6,11.83,AU,2022-01-30 03:10:19,clear sky
300,Lebu,-37.6167,-73.65,57.13,90,4,8.63,CL,2022-01-30 03:13:00,clear sky
301,Cozumel,20.5083,-86.9458,69.94,66,20,10.0,MX,2022-01-30 03:14:00,few clouds
302,Hirado,33.3597,129.5531,50.4,52,96,11.5,JP,2022-01-30 03:14:00,overcast clouds
303,Gunnedah,-30.9833,150.25,89.22,37,14,4.25,AU,2022-01-30 03:14:01,few clouds
304,Banepa,27.6298,85.5214,41.32,87,20,2.3,NP,2022-01-30 03:14:02,mist
305,Taoudenni,22.6783,-3.9836,69.98,14,99,5.7,ML,2022-01-30 03:14:03,overcast clouds
306,Chumikan,54.7183,135.315,3.36,81,100,20.2,RU,2022-01-30 03:14:03,overcast clouds
307,Norman Wells,65.282,-126.8329,-22.38,98,100,2.53,CA,2022-01-30 03:13:02,overcast clouds
308,Buraydah,26.326,43.975,47.43,41,0,12.88,SA,2022-01-30 03:14:04,clear sky
309,Olafsvik,64.8945,-23.7142,38.25,63,100,23.6,IS,2022-01-30 03:14:05,light rain
310,Jalu,29.0331,21.5482,52.27,64,82,11.92,LY,2022-01-30 03:14:05,broken clouds
311,Leszno,51.8403,16.5749,44.02,72,100,5.99,PL,2022-01-30 03:14:05,overcast clouds
312,Murphy,33.0151,-96.6131,58.21,33,0,1.01,US,2022-01-30 03:14:06,clear sky
313,Saint-Joseph,-21.3667,55.6167,77.38,80,50,9.66,RE,2022-01-30 03:14:06,scattered clouds
314,Wonthaggi,-38.6044,145.5913,69.26,82,100,13.0,AU,2022-01-30 03:14:07,overcast clouds
315,Ilam,26.9167,87.9167,51.12,68,20,3.27,NP,2022-01-30 03:14:07,few clouds
316,Vila Praia De Ancora,41.811,-8.8526,51.12,53,4,6.33,PT,2022-01-30 03:15:07,clear sky
317,Yerofey Pavlovich,53.9667,121.9667,5.72,62,12,3.6,RU,2022-01-30 03:15:08,few clouds
318,Ahipara,-35.1667,173.1667,76.17,51,67,3.94,NZ,2022-01-30 03:15:08,broken clouds
319,Goderich,43.7501,-81.7165,14.92,73,100,9.22,CA,2022-01-30 03:15:09,overcast clouds
320,Skelleftea,64.7507,20.9528,19.0,67,100,3.0,SE,2022-01-30 03:15:10,overcast clouds
321,Sunyani,7.3399,-2.3268,68.67,37,28,1.45,GH,2022-01-30 03:15:10,scattered clouds
322,Martaban,16.5314,97.6111,75.96,52,15,6.96,MM,2022-01-30 03:15:11,few clouds
323,Carnarvon,-24.8667,113.6333,84.27,70,63,13.8,AU,2022-01-30 03:15:11,broken clouds
324,Belmonte,-15.8631,-38.8828,77.5,84,87,10.56,BR,2022-01-30 03:14:55,overcast clouds
325,Mnogovershinnyy,53.9353,139.9242,1.67,90,100,5.44,RU,2022-01-30 03:15:12,overcast clouds
326,Troitsko-Pechorsk,62.7084,56.1964,10.65,98,100,3.44,RU,2022-01-30 03:15:13,overcast clouds
327,Trinidad,-14.8333,-64.9,73.76,96,89,1.21,BO,2022-01-30 03:14:04,overcast clouds
328,Canazas,8.3167,-81.2167,69.44,89,35,5.26,PA,2022-01-30 03:15:13,scattered clouds
329,Lannion,48.75,-3.4167,48.45,100,75,3.44,FR,2022-01-30 03:15:14,fog
330,Lompoc,34.6391,-120.4579,56.59,76,0,0.0,US,2022-01-30 03:13:44,mist
331,Cartagena Del Chaira,1.3349,-74.8429,75.85,62,71,2.86,CO,2022-01-30 03:13:15,broken clouds
332,Sao Joao Da Barra,-21.6403,-41.0511,74.5,94,100,7.67,BR,2022-01-30 03:15:14,overcast clouds
333,Plettenberg Bay,-34.0527,23.3716,63.84,87,4,2.17,ZA,2022-01-30 03:15:15,clear sky
334,Warka,51.7843,21.1909,40.91,81,55,29.77,PL,2022-01-30 03:15:15,light rain
335,Marzuq,14.4,46.4667,58.12,75,11,3.71,YE,2022-01-30 03:15:16,few clouds
336,Mariinsk,56.2139,87.7472,-5.1,100,91,3.38,RU,2022-01-30 03:15:16,overcast clouds
337,Okha,53.5739,142.9478,-1.07,87,90,8.63,RU,2022-01-30 03:15:17,overcast clouds
338,Sayyan,15.1718,44.3244,47.84,46,5,0.85,YE,2022-01-30 03:15:17,clear sky
339,Hervey Bay,-25.2986,152.8535,86.11,73,26,14.18,AU,2022-01-30 03:15:18,scattered clouds
340,Polovinnoye,54.7914,65.9864,3.31,94,100,5.82,RU,2022-01-30 03:15:19,overcast clouds
341,Itarema,-2.9248,-39.9167,76.41,82,100,8.81,BR,2022-01-30 03:15:20,light rain
342,Darnah,32.767,22.6367,52.25,86,100,40.78,LY,2022-01-30 03:15:20,overcast clouds
343,Asosa,10.0667,34.5333,61.14,35,23,4.79,ET,2022-01-30 03:15:21,few clouds
344,Vilhena,-12.7406,-60.1458,68.58,99,100,2.53,BR,2022-01-30 03:15:22,light rain
345,Gobabis,-22.45,18.9667,67.24,80,25,11.3,NA,2022-01-30 03:15:22,light rain
346,Freeport,40.6576,-73.5832,17.56,60,0,8.99,US,2022-01-30 03:10:57,clear sky
347,Pacasmayo,-7.4006,-79.5714,71.73,76,100,12.5,PE,2022-01-30 03:15:23,overcast clouds
348,Los Llanos De Aridane,28.6585,-17.9182,58.75,77,100,8.99,ES,2022-01-30 03:15:23,overcast clouds
349,Leh,34.1667,77.5833,-2.16,94,100,2.66,IN,2022-01-30 03:15:24,overcast clouds
350,Gambela,8.25,34.5833,75.99,38,72,0.92,ET,2022-01-30 03:15:24,broken clouds
351,Gurupa,-1.405,-51.64,71.94,99,100,2.26,BR,2022-01-30 03:15:25,overcast clouds
352,Linxia,35.6003,103.2064,16.12,87,94,2.39,CN,2022-01-30 03:15:25,overcast clouds
353,Ray,23.6833,85.05,56.17,38,0,5.64,IN,2022-01-30 03:15:26,clear sky
354,Ndele,8.4109,20.6473,65.34,21,98,5.48,CF,2022-01-30 03:15:26,overcast clouds
355,Havelock,34.8791,-76.9013,30.18,54,0,7.0,US,2022-01-30 03:13:11,clear sky
356,Pemex,18.4395,-96.3461,62.38,80,100,2.8,MX,2022-01-30 03:15:27,overcast clouds
357,Kaitangata,-46.2817,169.8464,56.8,96,100,3.89,NZ,2022-01-30 03:15:27,overcast clouds
358,Staryy Nadym,65.6118,72.6842,-9.17,95,85,9.89,RU,2022-01-30 03:15:28,overcast clouds
359,Ongandjera,-17.8833,15.0667,74.61,45,100,5.99,NA,2022-01-30 03:15:28,overcast clouds
360,Dwarka,22.2394,68.9678,67.86,63,0,5.99,IN,2022-01-30 03:15:28,clear sky
361,Cockburn Town,21.4612,-71.1419,77.36,73,0,14.45,TC,2022-01-30 03:15:29,clear sky
362,Tiznit,29.5833,-9.5,57.11,29,0,25.66,MA,2022-01-30 03:15:29,clear sky
363,Aromashevo,56.8602,68.6375,3.13,93,100,5.91,RU,2022-01-30 03:15:30,overcast clouds
364,Kieta,-6.2167,155.6333,79.5,88,100,8.32,PG,2022-01-30 03:11:59,overcast clouds
365,Camaqua,-30.8511,-51.8122,65.68,73,57,4.05,BR,2022-01-30 03:16:31,broken clouds
366,Yakeshi,49.2833,120.7333,-8.99,95,83,4.03,CN,2022-01-30 03:16:31,broken clouds
367,Rocha,-34.4833,-54.3333,62.17,89,1,6.85,UY,2022-01-30 03:16:31,clear sky
368,Hurricane,37.1753,-113.2899,50.34,34,89,5.53,US,2022-01-30 03:16:32,overcast clouds
369,Pahalgam,34.0333,75.3333,21.42,57,0,11.01,IN,2022-01-30 03:16:32,clear sky
370,Raudeberg,61.9875,5.1352,38.86,80,100,8.99,NO,2022-01-30 03:16:33,overcast clouds
371,Colesberg,-30.72,25.0972,68.36,29,75,6.11,ZA,2022-01-30 03:16:33,broken clouds
372,Vostok,46.4856,135.8833,-2.11,80,86,4.05,RU,2022-01-30 03:16:34,overcast clouds
373,Guerrero Negro,27.9769,-114.0611,61.75,60,7,10.27,MX,2022-01-30 03:16:34,clear sky
374,San Ramon,37.7799,-121.978,54.37,69,0,0.0,US,2022-01-30 03:16:35,clear sky
375,Nushki,29.5542,66.0215,52.63,47,5,3.02,PK,2022-01-30 03:16:35,clear sky
376,Kharp,66.8014,65.8081,-13.77,99,98,2.71,RU,2022-01-30 03:16:36,overcast clouds
377,Alexandria,31.2156,29.9553,51.6,73,39,10.04,EG,2022-01-30 03:16:37,scattered clouds
378,Liverpool,53.4106,-2.9779,44.1,78,35,5.01,GB,2022-01-30 03:15:12,scattered clouds
379,Terney,45.0503,136.6092,9.16,51,1,11.23,RU,2022-01-30 03:16:38,clear sky
380,Oussouye,12.485,-16.5469,71.78,54,81,10.85,SN,2022-01-30 03:16:39,broken clouds
381,Maraa,-1.8333,-65.3667,72.9,99,94,2.82,BR,2022-01-30 03:16:39,heavy intensity rain
382,Campos,-21.75,-41.3,73.69,97,100,6.49,BR,2022-01-30 03:16:41,light rain
383,Orcopampa,-15.2661,-72.3417,43.54,75,94,5.53,PE,2022-01-30 03:16:41,overcast clouds
384,Birchis,45.9667,22.1667,31.48,93,100,7.61,RO,2022-01-30 03:16:43,light snow
385,Kulhudhuffushi,6.6221,73.07,82.53,72,90,15.77,MV,2022-01-30 03:16:43,overcast clouds
386,Abu Dhabi,24.4667,54.3667,66.96,80,0,1.99,AE,2022-01-30 03:14:31,clear sky
387,Xixiang,35.1628,112.865,40.42,62,7,5.37,CN,2022-01-30 03:16:45,clear sky
388,Balkanabat,39.5108,54.3671,39.38,63,1,3.76,TM,2022-01-30 03:16:45,clear sky
389,Taunggyi,20.7833,97.0333,59.59,29,0,4.07,MM,2022-01-30 03:15:40,clear sky
390,Te Anau,-45.4167,167.7167,60.93,83,100,1.28,NZ,2022-01-30 03:13:11,overcast clouds
391,Wlodawa,51.55,23.55,39.51,81,97,22.15,PL,2022-01-30 03:16:46,overcast clouds
392,Horta,38.5333,-28.6333,58.14,75,89,12.3,PT,2022-01-30 03:16:47,overcast clouds
393,Elban,50.1018,136.5094,-10.66,94,98,4.12,RU,2022-01-30 03:16:47,overcast clouds
394,Boende,-0.2167,20.8667,69.78,70,100,2.33,CD,2022-01-30 03:16:48,overcast clouds
395,Santa Isabel Do Rio Negro,-0.4139,-65.0192,73.89,96,100,2.82,BR,2022-01-30 03:16:49,overcast clouds
396,Naze,28.3667,129.4833,57.27,78,99,16.13,JP,2022-01-30 03:12:07,overcast clouds
397,Menomonie,44.8755,-91.9193,19.36,79,96,5.75,US,2022-01-30 03:16:03,overcast clouds
398,Huambo,-12.7761,15.7392,58.91,98,100,1.68,AO,2022-01-30 03:16:49,overcast clouds
399,Lindi,-10.0,39.7167,71.56,97,92,2.62,TZ,2022-01-30 03:16:50,overcast clouds
400,Pacifica,37.6138,-122.4869,56.68,78,0,3.0,US,2022-01-30 03:13:47,clear sky
401,Basco,20.4487,121.9702,75.0,77,99,26.26,PH,2022-01-30 03:16:51,overcast clouds
402,Ardakan,32.31,54.0175,37.78,40,0,5.84,IR,2022-01-30 03:16:51,clear sky
403,Tuy Hoa,13.0833,109.3,77.7,78,79,5.03,VN,2022-01-30 03:16:52,broken clouds
404,Rio De Janeiro,-22.9028,-43.2075,75.9,67,75,8.05,BR,2022-01-30 03:16:03,light rain
405,Pakxan,18.3778,103.6601,83.01,50,42,3.8,LA,2022-01-30 03:16:53,scattered clouds
406,Isangel,-19.55,169.2667,82.51,83,100,6.91,VU,2022-01-30 03:16:53,heavy intensity rain
407,Naantali,60.4674,22.0243,34.07,100,100,12.66,FI,2022-01-30 03:16:54,snow
408,Nanortalik,60.1432,-45.2371,19.44,66,100,24.07,GL,2022-01-30 03:16:54,light snow
409,Alofi,-19.0595,-169.9187,84.09,74,100,8.05,NU,2022-01-30 03:16:55,overcast clouds
410,Boueni,-12.9025,45.0761,76.98,68,1,3.53,YT,2022-01-30 03:16:56,clear sky
411,Roald,62.5833,6.1333,41.05,81,75,21.85,NO,2022-01-30 03:15:43,broken clouds
412,Kindu,-2.95,25.95,71.13,88,100,2.28,CD,2022-01-30 03:16:56,overcast clouds
413,Okhotsk,59.3833,143.3,16.84,80,100,14.76,RU,2022-01-30 03:15:42,overcast clouds
414,Denpasar,-8.65,115.2167,85.71,79,75,10.36,ID,2022-01-30 03:17:13,broken clouds
415,Yerbogachen,61.2767,108.0108,-4.52,97,100,4.27,RU,2022-01-30 03:17:58,overcast clouds
416,Sembakung,3.8167,117.25,85.93,63,100,1.48,ID,2022-01-30 03:17:59,overcast clouds
417,Katsuura,35.1333,140.3,48.18,56,97,12.8,JP,2022-01-30 03:17:59,overcast clouds
418,Caravelas,-17.7125,-39.2481,77.59,85,43,9.1,BR,2022-01-30 03:14:30,scattered clouds
419,Barcelos,41.5388,-8.6151,50.85,55,1,6.02,PT,2022-01-30 03:18:00,clear sky
420,Lyaskelya,61.7667,31.0167,19.87,87,100,13.91,RU,2022-01-30 03:18:01,snow
421,Saint George,37.1041,-113.5841,52.27,23,0,5.99,US,2022-01-30 03:18:01,clear sky
422,Port-Cartier,50.0334,-66.8654,8.74,84,100,14.29,CA,2022-01-30 03:13:25,light snow
423,Dali,25.7,100.1833,49.62,41,0,1.77,CN,2022-01-30 03:18:02,clear sky
424,Iranshahr,27.2025,60.6848,52.14,58,0,4.61,IR,2022-01-30 03:18:02,clear sky
425,Kultuk,51.7208,103.6956,5.29,85,23,4.88,RU,2022-01-30 03:18:03,few clouds
426,Kenai,60.5544,-151.2583,23.14,86,100,0.0,US,2022-01-30 03:15:04,mist
427,Macomer,40.262,8.7699,45.43,96,14,4.32,IT,2022-01-30 03:18:04,few clouds
428,Deloraine,-41.5333,146.6667,80.15,32,3,4.23,AU,2022-01-30 03:13:52,clear sky
429,Suntar,62.1444,117.6319,-8.3,94,100,6.26,RU,2022-01-30 03:18:05,overcast clouds
430,Borogontsy,62.6683,131.1683,-22.72,93,59,1.1,RU,2022-01-30 03:18:05,broken clouds
431,San Ignacio,17.1561,-89.0714,64.54,94,75,9.22,BZ,2022-01-30 03:18:06,broken clouds
432,Kabelvag,68.2114,14.4817,29.53,71,100,2.64,NO,2022-01-30 03:18:07,overcast clouds
433,Avola,36.9113,15.1395,44.53,56,1,6.89,IT,2022-01-30 03:18:08,clear sky
434,Westport,41.1415,-73.3579,17.35,46,75,3.0,US,2022-01-30 03:18:08,broken clouds
435,Akashi,34.6333,134.9833,48.31,55,99,10.98,JP,2022-01-30 03:18:09,overcast clouds
436,Peniche,39.3558,-9.3811,55.92,45,58,9.01,PT,2022-01-30 03:18:09,broken clouds
437,Shizunai,42.3339,142.3669,22.48,53,98,23.64,JP,2022-01-30 03:18:10,overcast clouds
438,Borinskoye,52.4569,39.3713,25.93,97,100,7.99,RU,2022-01-30 03:18:10,overcast clouds
439,Puerto Carreno,6.189,-67.4859,80.58,57,0,4.61,CO,2022-01-30 03:18:11,clear sky
440,Pacific Grove,36.6177,-121.9166,56.3,66,0,1.99,US,2022-01-30 03:18:13,clear sky
441,Minab,27.1467,57.0801,54.9,75,0,3.78,IR,2022-01-30 03:18:13,clear sky
442,Brigantine,39.4101,-74.3646,17.87,56,0,18.41,US,2022-01-30 03:18:14,clear sky
443,Tarija,-21.5355,-64.7296,60.31,88,100,1.34,BO,2022-01-30 03:18:14,overcast clouds
444,Ixtapa,20.7,-105.2,74.43,73,0,3.44,MX,2022-01-30 03:18:15,clear sky
445,San-Pedro,4.7485,-6.6363,76.78,92,74,0.81,CI,2022-01-30 03:18:15,broken clouds
446,Eureka,40.8021,-124.1637,49.39,84,1,1.99,US,2022-01-30 03:18:15,clear sky
447,Estrela,-28.0611,-50.9383,54.54,98,56,3.31,BR,2022-01-30 03:18:16,broken clouds
448,Mandiana,10.6333,-8.6833,73.17,21,99,5.7,GN,2022-01-30 03:18:16,overcast clouds
449,Nioro,13.35,-15.75,72.54,33,82,10.07,GM,2022-01-30 03:18:17,broken clouds
450,Kaeo,-35.1,173.7833,74.32,67,86,12.01,NZ,2022-01-30 03:18:17,overcast clouds
451,Svetlyy,54.675,20.1347,41.05,81,100,35.48,RU,2022-01-30 03:18:18,overcast clouds
452,Labuhan,-6.8844,112.2051,84.9,69,95,4.68,ID,2022-01-30 03:18:18,overcast clouds
453,Kassala,15.451,36.4,63.3,71,0,7.76,SD,2022-01-30 03:18:18,clear sky
454,Darlowo,54.421,16.4107,39.63,69,95,44.07,PL,2022-01-30 03:18:19,overcast clouds
455,Quatre Cocos,-20.2078,57.7625,82.09,73,98,13.71,MU,2022-01-30 03:14:29,overcast clouds
456,Sao Felix Do Xingu,-6.6447,-51.995,70.47,97,100,1.25,BR,2022-01-30 03:18:20,light rain
457,Hailey,43.5196,-114.3153,19.26,63,0,6.91,US,2022-01-30 03:18:20,clear sky
458,Dakar,14.6937,-17.4441,69.93,78,0,18.41,SN,2022-01-30 03:18:21,clear sky
459,Pandamatenga,-18.5278,25.627,65.73,98,100,10.25,BW,2022-01-30 03:19:22,light rain
460,San Luis,-33.295,-66.3356,72.59,41,0,9.64,AR,2022-01-30 03:19:22,clear sky
461,Bayji,34.9311,43.487,44.53,71,11,3.83,IQ,2022-01-30 03:19:22,few clouds
462,Nemuro,43.3236,145.575,21.63,51,0,17.07,JP,2022-01-30 03:19:23,clear sky
463,Tanout,14.9709,8.8879,55.51,19,1,13.56,NE,2022-01-30 03:19:23,clear sky
464,Nhulunbuy,-12.2333,136.7667,79.41,89,40,12.66,AU,2022-01-30 03:19:24,light rain
465,Inhambane,-23.865,35.3833,77.18,66,100,6.44,MZ,2022-01-30 03:19:24,overcast clouds
466,Shingu,33.7333,135.9833,45.59,37,100,0.45,JP,2022-01-30 03:19:24,overcast clouds
467,Kamalpur,24.2,91.8333,57.0,51,0,1.1,IN,2022-01-30 03:19:25,clear sky
468,Villaviciosa,43.4813,-5.4357,49.96,94,71,5.66,ES,2022-01-30 03:19:26,broken clouds
469,Pontal Do Parana,-25.6533,-48.5128,75.72,93,100,5.23,BR,2022-01-30 03:19:26,overcast clouds
470,Chino Valley,34.7575,-112.4538,48.36,31,40,3.44,US,2022-01-30 03:19:27,scattered clouds
471,Alekseyevsk,57.8406,108.3492,-10.1,98,100,2.26,RU,2022-01-30 03:19:28,overcast clouds
472,Mto Wa Mbu,-3.35,35.85,68.32,91,100,1.86,TZ,2022-01-30 03:19:28,light rain
473,Constitucion,-35.3333,-72.4167,58.41,89,66,8.75,CL,2022-01-30 03:19:29,broken clouds
474,Luwingu,-10.2621,29.9271,60.58,97,99,4.41,ZM,2022-01-30 03:19:30,overcast clouds
475,Leland,34.2563,-78.0447,29.19,43,0,6.91,US,2022-01-30 03:16:35,clear sky
476,Tahta,26.7693,31.5021,45.64,61,0,5.73,EG,2022-01-30 03:19:32,clear sky
477,Cidreira,-30.1811,-50.2056,70.9,70,21,10.22,BR,2022-01-30 03:19:33,few clouds
478,Sakaraha,-22.9,44.5333,68.88,78,0,0.2,MG,2022-01-30 03:19:33,clear sky
479,Kefamenanu,-9.4467,124.4781,75.45,87,100,7.49,ID,2022-01-30 03:19:34,overcast clouds
480,Zhangjiakou,40.81,114.8794,23.81,41,52,2.98,CN,2022-01-30 03:17:47,light snow
481,Madimba,-10.4,40.3333,75.15,91,86,6.64,TZ,2022-01-30 03:19:34,moderate rain
482,Tura,25.5198,90.2201,61.34,46,0,1.3,IN,2022-01-30 03:19:35,clear sky
483,Poum,-20.2333,164.0167,81.72,77,100,9.04,NC,2022-01-30 03:19:35,overcast clouds
484,Malakal,9.5334,31.6605,69.31,20,12,7.4,SS,2022-01-30 03:19:36,few clouds
485,Shitanjing,39.2342,106.3439,13.64,36,0,32.68,CN,2022-01-30 03:19:36,clear sky
486,Rabo De Peixe,37.8,-25.5833,56.71,93,40,8.05,PT,2022-01-30 03:19:37,scattered clouds
487,Sitia,35.2,26.0986,51.98,81,99,8.39,GR,2022-01-30 03:19:37,overcast clouds
488,Ankazoabo,-22.2833,44.5167,69.46,77,0,5.12,MG,2022-01-30 03:19:38,clear sky
489,Lashio,22.9333,97.75,60.49,51,0,1.28,MM,2022-01-30 03:19:39,clear sky
490,Baghdad,33.3406,44.4009,37.31,75,7,8.05,IQ,2022-01-30 03:19:42,clear sky
491,Rafaela,-31.2503,-61.4867,72.0,64,0,6.35,AR,2022-01-30 03:19:42,clear sky
492,Korla,41.7597,86.1469,24.91,49,100,5.61,CN,2022-01-30 03:19:43,overcast clouds
493,Ylivieska,64.0833,24.55,28.31,94,100,7.09,FI,2022-01-30 03:19:43,overcast clouds
494,Inirida,3.8653,-67.9239,74.73,61,52,2.75,CO,2022-01-30 03:19:43,broken clouds
495,Atasu,48.6814,71.6433,18.46,95,100,13.4,KZ,2022-01-30 03:19:44,light snow
496,Wad Rawah,15.1603,33.1397,61.47,17,1,12.68,SD,2022-01-30 03:19:44,clear sky
497,Anadyr,64.75,177.4833,-8.9,84,20,0.0,RU,2022-01-30 03:19:45,mist
498,Tautira,-17.7333,-149.15,80.62,74,39,8.79,PF,2022-01-30 03:19:46,light rain
499,Warrnambool,-38.3833,142.4833,76.8,83,99,11.54,AU,2022-01-30 03:19:47,overcast clouds
500,Atar,20.5169,-13.0499,71.74,24,99,6.46,MR,2022-01-30 03:19:47,overcast clouds
501,Noumea,-22.2763,166.4572,87.78,99,37,14.14,NC,2022-01-30 03:19:48,scattered clouds
502,Skjervoy,70.0311,20.9714,28.09,64,70,2.17,NO,2022-01-30 03:19:48,light snow
503,Bubaque,11.2833,-15.8333,78.21,59,40,12.26,GW,2022-01-30 03:19:49,scattered clouds
504,Vila Franca Do Campo,37.7167,-25.4333,57.61,69,78,10.47,PT,2022-01-30 03:20:49,broken clouds
505,Lichinga,-13.3128,35.2406,60.89,100,20,6.91,MZ,2022-01-30 03:20:50,fog
506,Beder,56.0602,10.2118,43.36,72,32,39.1,DK,2022-01-30 03:20:50,scattered clouds
507,Cabedelo,-6.9811,-34.8339,77.67,80,100,9.73,BR,2022-01-30 03:20:51,overcast clouds
508,Hambantota,6.1241,81.1185,80.62,76,7,8.25,LK,2022-01-30 03:20:51,clear sky
509,Formigine,44.573,10.847,46.0,81,62,4.61,IT,2022-01-30 03:20:52,broken clouds
510,Puerto Colombia,10.9878,-74.9547,78.89,76,49,19.95,CO,2022-01-30 03:20:52,scattered clouds
511,Sillod,20.3,75.65,56.8,27,4,1.39,IN,2022-01-30 03:20:53,clear sky
512,Mponela,-13.5319,33.7401,61.74,99,84,1.74,MW,2022-01-30 03:20:53,moderate rain
513,Comodoro Rivadavia,-45.8667,-67.5,66.06,37,0,20.71,AR,2022-01-30 03:20:53,clear sky
514,Sumter,28.7086,-82.0831,42.26,53,0,7.72,US,2022-01-30 03:20:54,clear sky
515,Lavrentiya,65.5833,-171.0,-3.44,87,2,3.38,RU,2022-01-30 03:20:54,clear sky
516,Azare,11.6765,10.1948,57.42,18,100,8.97,NG,2022-01-30 03:20:55,overcast clouds
517,Sandwick,60.0,-1.25,39.02,65,100,21.85,GB,2022-01-30 03:20:55,overcast clouds
518,Tornio,65.8481,24.1466,17.62,88,97,14.18,FI,2022-01-30 03:20:55,overcast clouds
519,Cartagena,10.3997,-75.5144,76.62,83,0,6.91,CO,2022-01-30 03:19:05,clear sky
520,Pangai,-19.8,-174.35,82.54,74,100,10.13,TO,2022-01-30 03:16:36,overcast clouds
521,Bay Roberts,47.5999,-53.2648,45.05,87,100,13.0,CA,2022-01-30 03:20:56,heavy intensity rain
522,Gallup,35.5281,-108.7426,31.01,44,0,1.99,US,2022-01-30 03:20:56,clear sky
523,Hovd,48.0056,91.6419,-10.91,80,37,1.39,MN,2022-01-30 03:20:57,scattered clouds
524,San Bartolome De Tirajana,27.9248,-15.5733,50.32,57,0,4.61,ES,2022-01-30 03:20:57,haze
525,Manokwari,-0.8667,134.0833,84.04,68,100,9.06,ID,2022-01-30 03:20:58,overcast clouds
526,Mugur-Aksy,50.35,90.5,-2.34,73,9,4.81,RU,2022-01-30 03:20:50,clear sky
527,Pemangkat,1.1667,108.9667,80.02,79,100,3.06,ID,2022-01-30 03:18:38,overcast clouds
528,De-Kastri,51.4667,140.7833,-2.58,85,18,8.9,RU,2022-01-30 03:20:58,few clouds
529,Merritt Island,28.5392,-80.672,43.99,59,0,5.75,US,2022-01-30 03:20:59,clear sky
530,Santa Isabel,-23.3156,-46.2214,69.1,98,100,2.33,BR,2022-01-30 03:20:59,overcast clouds
531,Nogliki,51.8333,143.1667,1.0,79,91,8.3,RU,2022-01-30 03:21:00,overcast clouds
532,Ugoofaaru,5.6667,73.0,82.35,68,93,15.35,MV,2022-01-30 03:21:00,overcast clouds
533,Bilma,18.6853,12.9164,53.82,25,0,11.12,NE,2022-01-30 03:21:01,clear sky
534,Ustka,54.5805,16.8619,39.78,67,92,43.58,PL,2022-01-30 03:21:02,overcast clouds
535,Qeshm,26.9581,56.2719,58.89,65,0,7.18,IR,2022-01-30 03:21:02,clear sky
536,Ornskoldsvik,63.2909,18.7153,26.42,93,100,16.11,SE,2022-01-30 03:21:03,overcast clouds
537,Mpwapwa,-6.35,36.4833,64.06,98,100,2.06,TZ,2022-01-30 03:21:03,overcast clouds
538,Barra Do Corda,-5.5,-45.25,69.22,98,51,2.3,BR,2022-01-30 03:21:04,broken clouds
539,Magaria,12.9983,8.9099,56.86,17,64,9.69,NE,2022-01-30 03:21:04,broken clouds
540,Labrea,-7.2586,-64.7981,71.11,99,100,2.01,BR,2022-01-30 03:21:05,overcast clouds
541,Hirosaki,40.5931,140.4725,30.61,79,100,15.05,JP,2022-01-30 03:17:55,light snow
542,Cotonou,6.3654,2.4183,76.98,78,16,2.3,BJ,2022-01-30 03:21:05,dust
543,Ila,63.4305,10.3705,37.96,88,89,7.0,NO,2022-01-30 03:21:06,light snow
544,Mabua,9.8089,125.4422,82.11,76,17,2.84,PH,2022-01-30 03:21:07,few clouds
545,Isla Mujeres,21.2311,-86.731,60.85,65,95,15.39,MX,2022-01-30 03:21:07,overcast clouds
546,Perbaungan,3.5679,98.956,86.11,78,94,5.77,ID,2022-01-30 03:21:08,overcast clouds
547,Arlit,18.7369,7.3853,59.18,17,4,5.57,NE,2022-01-30 03:21:08,clear sky
548,Agadir,30.4202,-9.5982,68.45,30,0,26.82,MA,2022-01-30 03:21:09,clear sky
549,Filadelfia,39.9523,-75.1638,17.49,49,40,5.99,US,2022-01-30 03:17:07,scattered clouds
550,San Rafael,-34.6177,-68.3301,77.65,42,19,1.79,AR,2022-01-30 03:22:10,few clouds
551,Lokoja,7.8024,6.743,70.45,22,28,3.31,NG,2022-01-30 03:22:13,scattered clouds
552,Araouane,18.9048,-3.5265,69.04,12,63,13.98,ML,2022-01-30 03:22:13,broken clouds
553,Calafell,41.2,1.5683,51.98,35,0,5.82,ES,2022-01-30 03:22:14,clear sky
